{"properties":{"connectionReferences":{},"definition":{"$schema":"https://schema.management.azure.com/providers/Microsoft.Logic/schemas/2016-06-01/workflowdefinition.json#","contentVersion":"1.0.0.0","parameters":{"$authentication":{"defaultValue":{},"type":"SecureObject"}},"triggers":{"manual":{"type":"Request","kind":"Http","inputs":{"schema":{}}}},"actions":{"HTTP":{"runAfter":{},"type":"Http","inputs":{"method":"POST","uri":"https://apitest.vipps.no/accesstoken/get","headers":{"client_secret":"SECRET","client_id":"SECRET","Ocp-Apim-Subscription-Key":"SECRET","merchantSerialNumber":"1234"}}},"Parse_JSON":{"runAfter":{"HTTP":["Succeeded"]},"type":"ParseJson","inputs":{"content":"@body('HTTP')","schema":{"type":"object","properties":{"token_type":{"type":"string"},"expires_in":{"type":"string"},"ext_expires_in":{"type":"string"},"expires_on":{"type":"string"},"not_before":{"type":"string"},"resource":{"type":"string"},"access_token":{"type":"string"}}}}},"HTTP_3":{"runAfter":{"Parse_JSON":["Succeeded"]},"type":"Http","inputs":{"method":"POST","uri":"https://apitest.vipps.no/ecomm/v2/payments","headers":{"Ocp-Apim-Subscription-Key":"7740143809144ae7a1c29a03bf6115ef","Vipps-System-Name":"Acme Enterprises Ecommerce DeLuxe","Vipps-System-Version":"3.1.2","Vipps-System-Plugin-Name":"Point Of Sale Excellence","merchantSerialNumber":"215983","Authorization":"Bearer @{body('Parse_JSON')?['access_token']}"},"body":{"customerInfo":{"mobileNumber":"96949301"},"merchantInfo":{"authToken":"iOiJKV1QiLCJhbGciOiJSUzI1NiIsIng1dCI6ImllX3FXQ1hoWHh0MXpJ","callbackPrefix":"https://example.com/vipps/callbacks-for-payment-updates","consentRemovalPrefix":"https://example.com/vipps","fallBack":"https://example.com/vipps/fallback-order-result-page/acme-shop-123-order123abc","isApp":false,"merchantSerialNumber":"215983","paymentType":"eComm Regular Payment","shippingDetailsPrefix":"https://example.com/vipps/shipping","staticShippingDetails":[{"isDefault":"Y","priority":0,"shippingCost":9900,"shippingMethod":"Posten Servicepakke","shippingMethodId":"posten-servicepakke"}]},"transaction":{"amount":2000,"orderId":"@{guid()}","timeStamp":"2018-11-14T15:44:26.59Z","transactionText":"Betaling til  for ","skipLandingPage":false,"scope":"name address email","additionalData":{"passengerName":"FLYER / MARY MS.","airlineCode":"074","airlineDesignatorCode":"KL","ticketNumber":"string","agencyInvoiceNumber":"string"},"useExplicitCheckoutFlow":true}}}}},"outputs":{}}},"schemaVersion":"1.0.0.0"}