{"properties":{"connectionReferences":{"shared_commondataserviceforapps":{"runtimeSource":"embedded","connection":{},"api":{"name":"shared_commondataserviceforapps"}}},"definition":{"$schema":"https://schema.management.azure.com/providers/Microsoft.Logic/schemas/2016-06-01/workflowdefinition.json#","contentVersion":"1.0.0.0","parameters":{"$connections":{"defaultValue":{},"type":"Object"},"$authentication":{"defaultValue":{},"type":"SecureObject"}},"triggers":{"Recurrence":{"recurrence":{"frequency":"Hour","interval":1},"type":"Recurrence"}},"actions":{"HTTP":{"runAfter":{"List_rows":["Succeeded"]},"type":"Http","inputs":{"method":"POST","uri":"https://apitest.vipps.no/accesstoken/get","headers":{"client_secret":"SECRET","client_id":"SECRET","Ocp-Apim-Subscription-Key":"SECRET","merchantSerialNumber":"1234"}}},"Parse_JSON":{"runAfter":{"HTTP":["Succeeded"]},"type":"ParseJson","inputs":{"content":"@body('HTTP')","schema":{"type":"object","properties":{"token_type":{"type":"string"},"expires_in":{"type":"string"},"ext_expires_in":{"type":"string"},"expires_on":{"type":"string"},"not_before":{"type":"string"},"resource":{"type":"string"},"access_token":{"type":"string"}}}}},"List_rows":{"runAfter":{},"type":"OpenApiConnection","inputs":{"host":{"connectionName":"shared_commondataserviceforapps","operationId":"ListRecords","apiId":"/providers/Microsoft.PowerApps/apis/shared_commondataserviceforapps"},"parameters":{"entityName":"tasks","fetchXml":"<fetch version=\"1.0\" output-format=\"xml-platform\" mapping=\"logical\" distinct=\"false\">\n  <entity name=\"task\">\n    <attribute name=\"subject\" />\n    <attribute name=\"statecode\" />\n    <attribute name=\"prioritycode\" />\n    <attribute name=\"scheduledend\" />\n    <attribute name=\"createdby\" />\n    <attribute name=\"regardingobjectid\" />\n    <attribute name=\"activityid\" />\n    <attribute name=\"km_orderid\" />\n    <order attribute=\"subject\" descending=\"false\" />\n    <filter type=\"and\">\n      <condition attribute=\"km_orderid\" operator=\"not-null\" />\n    </filter>\n  </entity>\n</fetch>"},"authentication":"@parameters('$authentication')"}},"Apply_to_each":{"foreach":"@outputs('List_rows')?['body/value']","actions":{"HTTP_3":{"runAfter":{},"type":"Http","inputs":{"method":"GET","uri":"https://apitest.vipps.no/ecomm/v2/payments/@{items('Apply_to_each')?['km_orderid']}/details","headers":{"Ocp-Apim-Subscription-Key":"7740143809144ae7a1c29a03bf6115ef","Vipps-System-Name":"Acme Enterprises Ecommerce DeLuxe","Vipps-System-Version":"3.1.2","Vipps-System-Plugin-Name":"Point Of Sale Excellence","merchantSerialNumber":"215983","Authorization":"Bearer @{body('Parse_JSON')?['access_token']}"}}},"Parse_JSON_2":{"runAfter":{"HTTP_3":["Succeeded"]},"type":"ParseJson","inputs":{"content":"@body('HTTP_3')","schema":{"type":"object","properties":{"orderId":{"type":"string"},"transactionLogHistory":{"type":"array","items":{"type":"object","properties":{"amount":{"type":"integer"},"transactionText":{"type":"string"},"timeStamp":{"type":"string"},"operation":{"type":"string"},"operationSuccess":{"type":"boolean"}},"required":["amount","transactionText","timeStamp","operation","operationSuccess"]}}}}}}},"runAfter":{"Parse_JSON":["Succeeded"]},"type":"Foreach"}},"outputs":{}}},"schemaVersion":"1.0.0.0"}